{
  "Version": "1.0",
  "Parameters": {
    "RuleName": "S3_BUCKET_SERVER_SIDE_ENCRYPTION_ENABLED",
    "SourceRuntime": null,
    "CodeKey": null,
    "InputParameters": "{}",
    "OptionalParameters": "{}",
    "SourceEvents": "AWS::S3::Bucket",
    "SourceIdentifier": "S3_BUCKET_SERVER_SIDE_ENCRYPTION_ENABLED",
    "RuleSets": [
      "baseline"
    ],
    "Remediation": {
      "Automatic": true,
      "ConfigRuleName": "S3_BUCKET_SERVER_SIDE_ENCRYPTION_ENABLED_v2",
      "MaximumAutomaticAttempts": "2",
      "Parameters": {
        "AutomationAssumeRole": {
          "StaticValue": {
            "Values": [
              { "Fn::Sub": "arn:aws:iam::${AWS::AccountId}:role/${MyTopicRoleName}" }
            ]
          }
        },
        "Message": {
          "StaticValue": {
            "Values": [
              "hi"
            ]
          }
        },
        "TopicArn": {
          "StaticValue": {
            "Values": [
              { "Fn::Sub": "arn:aws:sns:${AWS::Region}:${AWS::AccountId}:${MyTopic}" }
            ]
          }
        }
      },
      "ResourceType": "AWS::EC2::Instance",
      "RetryAttemptSeconds": "2",
      "TargetId": "AWS-PublishSNSNotification",
      "TargetType": "SSM_DOCUMENT",
      "TargetVersion": "1"
    }
  },
  "Tags": "[]"
}
